Algorithm,File Type,MTF,BWT,Compression Ratio mean,Compression Ratio std,Encoding Speed mean,Encoding Speed std
RLE,txt,True,True,0.9611969809613029,0.02744042848522468,0.015994347300669263,0.0005114280675492887
RLE,txt,True,False,1.0031515645008071,0.0033760730959449016,0.0006827115351531516,0.00031913539922319596
RLE,txt,False,True,0.9352806631051424,0.041507999252611255,0.01523079725069609,0.0005843435246694074
RLE,txt,False,False,1.0062969460758213,0.002821763561059141,0.00015276263954764347,6.1211478777306604e-06
